제목,띄어쓰기 개수,링크
與 "민주- 이동관 반대...공영방송 정상화 두려운 것",6,https://n.news.naver.com/mnews/article/052/0001916870?sid=100
與- 쌍방울 수사 檢명단 공개에 "이재명 방탄- 사법방해 수준",8,https://n.news.naver.com/mnews/article/277/0005293683?sid=100
민주당 "윤 대통령- 특별감찰관 도입해 친인척 비리 척결 천명해야",8,https://n.news.naver.com/mnews/article/055/0001077444?sid=100
모스크바 드론 공격한 젤렌스키… “전쟁- 러 영토로 옮겨갈 것”,8,https://n.news.naver.com/mnews/article/021/0002585753?sid=104
"남성 생식기 온전한 트랜스젠더 선수 앞- 일주일 18번씩 옷 벗었다",9,https://n.news.naver.com/mnews/article/421/0006962291?sid=104
윤 대통령- “아파트 지하주차장 부실 공사 전수 조사” 지시,8,https://n.news.naver.com/mnews/article/056/0011535860?sid=100
빙그레- ESG 평가서 4년 연속 A등급…"지속가능 기업 책임 다할 것",9,https://n.news.naver.com/mnews/article/003/0012004945?sid=101
커지는 세수 '펑크'…상반기 국세수입 감소분 40조원 육박,6,https://n.news.naver.com/mnews/article/001/0014102753?sid=101
‘텔레그램 피싱’ 7월에만 253건…2차 피해발생 ‘주의보’,5,https://n.news.naver.com/mnews/article/119/0002735745?sid=101
과기정통부- ITU 국제표준 3건 승인·신규 표준화 과제 7건 채택,8,https://n.news.naver.com/mnews/article/366/0000920923?sid=105
살인 폭염에 온열질환자 속출…주말간 12명 사망 추정(종합3보),6,https://n.news.naver.com/mnews/article/421/0006961568?sid=102
평일 대낮에 강남서 성매매한 현직 판사- 뒤늦게 재판 배제,8,https://n.news.naver.com/mnews/article/015/0004874053?sid=102
'총경회의 주도' 류삼영 "보복인사에 사직 결심"(종합),5,https://n.news.naver.com/mnews/article/001/0014102599?sid=102
전국 대부분 폭염경보…태풍 '카눈' 방향 틀었다,5,https://n.news.naver.com/mnews/article/422/0000611783?sid=103
댄스클럽으로 변모하는 광화문광장…세종썸머페스티벌 '그루브',3,https://n.news.naver.com/mnews/article/015/0004874424?sid=103
